radar_key,distance,easting,northing,elevation,bed_elevation,temperate,temperate_elevation,temperate_lower,temperate_upper,temperate_gpr_uncertainty,bed_type
dronbreen-20220329-DAT_0236_A1_2,325.0,541745.81,8672463.42,420.472,293.015,23.032,316.046,27.29,0.0,2.105,uncertain_temperate
dronbreen-20220329-DAT_0236_A1_2,330.0,541750.78,8672462.64,420.378,294.276,20.01,314.285,24.787,0.0,2.138,uncertain_temperate
dronbreen-20220329-DAT_0236_A1_2,335.0,541755.86,8672461.87,420.358,295.818,18.03,313.848,21.69,0.0,2.147,uncertain_temperate
dronbreen-20220329-DAT_0236_A1_2,340.0,541760.39,8672461.27,420.363,297.387,14.903,312.29,18.47,0.0,2.178,uncertain_temperate
dronbreen-20220329-DAT_0236_A1_2,345.0,541765.18,8672460.63,420.385,298.972,14.174,313.146,20.029,0.0,2.161,uncertain_temperate
dronbreen-20220329-DAT_0236_A1_2,350.0,541770.39,8672459.72,420.462,300.716,12.089,312.806,26.264,0.0,2.169,uncertain_temperate
dronbreen-20220329-DAT_0236_A1_2,355.0,541775.49,8672458.95,420.521,302.651,5.628,308.279,29.128,0.0,2.26,uncertain_temperate
dronbreen-20220329-DAT_0236_A1_2,360.0,541780.22,8672458.16,420.501,304.195,4.586,308.78,31.353,0.0,2.25,uncertain_temperate
dronbreen-20220329-DAT_0236_A1_2,365.0,541785.2,8672457.29,420.378,305.635,5.836,311.471,37.025,0.0,2.194,uncertain_temperate
dronbreen-20220329-DAT_0236_A1_2,370.0,541789.55,8672456.51,420.259,307.288,2.918,310.206,40.907,0.0,2.217,uncertain_temperate
dronbreen-20220329-DAT_0236_A1_2,375.0,541794.53,8672455.63,420.157,308.853,2.71,311.563,41.909,0.0,2.188,uncertain_temperate
dronbreen-20220329-DAT_0236_A1_2,380.0,541799.84,8672454.68,420.1,310.463,2.293,312.756,42.103,0.0,2.163,uncertain_temperate
dronbreen-20220329-DAT_0236_A1_2,385.0,541804.95,8672453.8,420.11,312.871,1.355,314.226,39.989,0.0,2.134,uncertain_temperate
dronbreen-20220329-DAT_0236_A1_2,390.0,541810.04,8672452.95,420.198,314.417,1.251,315.668,38.435,0.0,2.107,uncertain_temperate
dronbreen-20220329-DAT_0236_A1_2,395.0,541814.6,8672451.97,420.348,316.652,0.417,317.068,34.321,0.0,2.083,uncertain_cold
dronbreen-20220329-DAT_0236_A1_2,400.0,541819.71,8672451.04,420.516,318.488,0.417,318.905,29.047,0.0,2.05,uncertain_cold
dronbreen-20220329-DAT_0236_A1_2,405.0,541823.97,8672450.22,420.672,320.311,0.73,321.04,16.731,0.0,2.01,uncertain_cold
dronbreen-20220329-DAT_0236_A1_2,410.0,541829.72,8672449.09,420.908,322.318,0.625,322.944,7.376,0.0,1.977,uncertain_cold
dronbreen-20220329-DAT_0236_A1_2,415.0,541834.07,8672448.42,421.111,323.563,0.834,324.397,6.257,0.0,1.952,uncertain_cold
dronbreen-20220329-DAT_0236_A1_2,420.0,541839.0,8672447.52,421.4,325.103,0.208,325.312,4.687,0.0,1.94,uncertain_cold
dronbreen-20220329-DAT_0236_A1_2,425.0,541844.01,8672446.56,421.767,326.929,0.625,327.555,4.366,0.0,1.903,uncertain_cold
dronbreen-20220329-DAT_0236_A1_2,430.0,541848.99,8672445.41,422.177,328.486,0.0,328.486,4.388,0.0,1.893,uncertain_cold
dronbreen-20220329-DAT_0236_A1_2,435.0,541854.2,8672444.27,422.631,330.816,0.0,330.816,4.318,0.0,1.86,uncertain_cold
dronbreen-20220329-DAT_0236_A1_2,440.0,541858.44,8672443.47,422.988,332.007,0.0,332.007,3.784,0.0,1.841,uncertain_cold
dronbreen-20220329-DAT_0236_A1_2,445.0,541863.34,8672442.23,423.356,333.313,0.0,333.313,3.944,0.0,1.822,uncertain_cold
dronbreen-20220329-DAT_0236_A1_2,450.0,541868.58,8672440.86,423.721,334.616,0.0,334.616,0.0,0.0,1.8,certain_cold
dronbreen-20220329-DAT_0236_A1_2,455.0,541873.52,8672439.85,424.079,335.703,0.0,335.703,0.0,0.0,1.777,certain_cold
dronbreen-20220329-DAT_0236_A1_2,460.0,541877.82,8672438.96,424.419,336.772,0.0,336.772,0.0,0.0,1.771,certain_cold
dronbreen-20220329-DAT_0236_A1_2,465.0,541883.0,8672437.91,424.875,337.646,0.0,337.646,0.0,0.0,1.761,certain_cold
dronbreen-20220329-DAT_0236_A1_2,470.0,541888.08,8672436.58,425.362,338.757,0.0,338.757,0.0,0.0,1.75,certain_cold
dronbreen-20220329-DAT_0236_A1_2,475.0,541892.3,8672435.72,425.801,339.405,0.0,339.405,0.0,0.0,1.742,certain_cold
dronbreen-20220329-DAT_0236_A1_2,480.0,541897.46,8672434.64,426.352,340.372,0.0,340.372,0.0,0.0,1.74,certain_cold
dronbreen-20220329-DAT_0236_A1_2,485.0,541902.16,8672433.73,426.876,341.105,0.0,341.105,0.0,0.0,1.736,certain_cold
dronbreen-20220329-DAT_0236_A1_2,490.0,541907.38,8672432.25,427.446,341.78,0.0,341.78,0.0,0.0,1.73,certain_cold
dronbreen-20220329-DAT_0236_A1_2,495.0,541912.58,8672430.83,427.994,342.536,0.0,342.536,0.0,0.0,1.728,uncertain_cold
dronbreen-20220329-DAT_0236_A1_2,500.0,541917.46,8672429.68,428.546,343.297,0.0,343.297,0.0,0.0,1.726,uncertain_cold
dronbreen-20220329-DAT_0236_A1_2,505.0,541921.88,8672428.52,429.119,343.974,0.0,343.974,0.0,0.0,1.719,uncertain_cold
dronbreen-20220329-DAT_0236_A1_2,510.0,541926.5,8672427.25,429.756,345.34,0.0,345.34,0.0,0.0,1.705,uncertain_cold
dronbreen-20220329-DAT_0236_A1_2,515.0,541931.95,8672425.6,430.501,347.127,0.0,347.127,0.0,0.0,1.686,certain_cold
dronbreen-20220329-DAT_0236_A1_2,520.0,541936.28,8672424.27,431.084,348.336,0.0,348.336,0.0,0.0,1.676,certain_cold
dronbreen-20220329-DAT_0236_A1_2,525.0,541941.14,8672422.74,431.769,349.959,0.0,349.959,0.0,0.0,1.656,uncertain_cold
dronbreen-20220329-DAT_0236_A1_2,530.0,541945.95,8672421.08,432.475,351.811,0.0,351.811,0.0,0.0,1.633,uncertain_cold
dronbreen-20220329-DAT_0236_A1_2,535.0,541950.46,8672419.5,433.144,353.522,0.0,353.522,0.0,0.0,1.612,uncertain_cold
dronbreen-20220329-DAT_0236_A1_2,540.0,541955.47,8672417.84,433.866,355.391,0.0,355.391,0.0,0.0,1.592,certain_cold
dronbreen-20220329-DAT_0236_A1_2,545.0,541960.44,8672416.23,434.591,357.262,0.0,357.262,0.0,0.0,1.569,certain_cold
dronbreen-20220329-DAT_0236_A1_2,550.0,541964.29,8672414.89,435.177,358.682,0.0,358.682,0.0,0.0,1.555,certain_cold
dronbreen-20220329-DAT_0236_A1_2,555.0,541969.57,8672412.79,436.042,360.798,0.0,360.798,0.0,0.0,1.528,certain_cold
dronbreen-20220329-DAT_0236_A1_2,560.0,541974.04,8672410.79,436.798,362.804,0.0,362.804,0.0,0.0,1.504,certain_cold
dronbreen-20220329-DAT_0236_A1_2,565.0,541978.32,8672408.75,437.486,364.326,0.0,364.326,0.0,0.0,1.487,certain_cold
dronbreen-20220329-DAT_0236_A1_2,570.0,541983.27,8672406.37,438.313,366.508,0.0,366.508,0.0,0.0,1.46,certain_cold
dronbreen-20220329-DAT_0236_A1_2,575.0,541987.11,8672404.5,438.993,368.021,0.0,368.021,0.0,0.0,1.442,certain_cold
dronbreen-20220329-DAT_0236_A1_2,580.0,541991.82,8672402.16,439.848,369.709,0.0,369.709,0.0,0.0,1.428,certain_cold
dronbreen-20220329-DAT_0236_A1_2,585.0,541996.55,8672399.64,440.681,371.585,0.0,371.585,0.0,0.0,1.403,uncertain_cold
dronbreen-20220329-DAT_0236_A1_2,590.0,542000.82,8672397.08,441.373,373.632,0.0,373.632,0.0,0.0,1.381,uncertain_cold
dronbreen-20220329-DAT_0236_A1_2,595.0,542005.09,8672394.45,442.062,375.363,0.0,375.363,0.0,0.0,1.36,certain_cold
dronbreen-20220329-DAT_0236_A1_2,600.0,542009.54,8672391.8,442.812,376.739,0.0,376.739,0.0,0.0,1.348,certain_cold
dronbreen-20220329-DAT_0236_A1_2,605.0,542013.59,8672389.38,443.544,378.096,0.0,378.096,0.0,0.0,1.336,certain_cold
dronbreen-20220329-DAT_0236_A1_2,610.0,542017.77,8672386.53,444.327,379.921,0.0,379.921,0.0,0.0,1.315,certain_cold
dronbreen-20220329-DAT_0236_A1_2,615.0,542021.71,8672383.8,445.049,381.372,0.0,381.372,0.0,0.0,1.301,certain_cold
dronbreen-20220329-DAT_0236_A1_2,620.0,542025.88,8672380.83,445.803,382.855,0.0,382.855,0.0,0.0,1.285,certain_cold
dronbreen-20220329-DAT_0236_A1_2,625.0,542029.7,8672378.14,446.495,384.174,0.0,384.174,0.0,0.0,1.272,certain_cold
dronbreen-20220329-DAT_0236_A1_2,630.0,542034.16,8672374.79,447.305,385.609,0.0,385.609,0.0,0.0,1.26,certain_cold
dronbreen-20220329-DAT_0236_A1_2,635.0,542038.02,8672371.94,448.0,386.928,0.0,386.928,0.0,0.0,1.248,certain_cold
dronbreen-20220329-DAT_0236_A1_2,640.0,542041.76,8672368.98,448.669,388.119,0.0,388.119,0.0,0.0,1.234,certain_cold
dronbreen-20220329-DAT_0236_A1_2,645.0,542045.87,8672365.58,449.431,389.298,0.73,390.027,3.336,0.0,1.217,uncertain_temperate
dronbreen-20220329-DAT_0236_A1_2,650.0,542049.52,8672362.5,450.134,390.731,0.0,390.731,0.0,0.0,1.203,uncertain_temperate
dronbreen-20220329-DAT_0236_A1_2,655.0,542053.21,8672359.29,450.868,392.402,0.0,392.402,0.0,0.0,1.189,uncertain_cold
dronbreen-20220329-DAT_0236_A1_2,660.0,542057.13,8672355.76,451.635,394.107,0.0,394.107,0.0,0.0,1.171,certain_cold
dronbreen-20220329-DAT_0236_A1_2,665.0,542060.81,8672352.65,452.312,395.409,0.0,395.409,0.0,0.0,1.158,uncertain_cold
dronbreen-20220329-DAT_0236_A1_2,670.0,542064.67,8672348.89,453.051,397.087,0.0,397.087,0.0,0.0,1.146,certain_cold
dronbreen-20220329-DAT_0236_A1_2,675.0,542067.81,8672345.98,453.685,398.241,0.0,398.241,0.0,0.0,1.136,certain_cold
dronbreen-20220329-DAT_0236_A1_2,680.0,542071.63,8672342.25,454.509,399.483,0.0,399.483,0.0,0.0,1.122,uncertain_cold
dronbreen-20220329-DAT_0236_A1_2,685.0,542075.12,8672338.95,455.243,400.946,0.0,400.946,0.0,0.0,1.114,certain_cold
dronbreen-20220329-DAT_0236_A1_2,690.0,542078.67,8672335.71,455.946,402.066,0.0,402.066,0.0,0.0,1.11,certain_cold
dronbreen-20220329-DAT_0236_A1_2,695.0,542082.42,8672332.11,456.673,403.314,0.0,403.314,0.0,0.0,1.1,certain_cold
dronbreen-20220329-DAT_0236_A1_2,700.0,542085.86,8672328.86,457.285,404.238,0.0,404.238,0.0,0.0,1.096,certain_cold
dronbreen-20220329-DAT_0236_A1_2,705.0,542089.66,8672325.45,457.944,405.21,0.0,405.21,0.0,0.0,1.086,certain_cold
dronbreen-20220329-DAT_0236_A1_2,710.0,542093.66,8672321.58,458.666,406.036,0.0,406.036,0.0,0.0,1.082,certain_cold
dronbreen-20220329-DAT_0236_A1_2,715.0,542096.96,8672318.5,459.232,406.811,0.0,406.811,0.0,0.0,1.08,certain_cold
dronbreen-20220329-DAT_0236_A1_2,720.0,542100.91,8672314.45,460.002,407.685,0.0,407.685,0.0,0.0,1.078,certain_cold
dronbreen-20220329-DAT_0236_A1_2,725.0,542104.07,8672311.38,460.599,408.491,0.0,408.491,0.0,0.0,1.075,certain_cold
dronbreen-20220329-DAT_0236_A1_2,730.0,542107.46,8672307.95,461.229,409.12,0.0,409.12,0.0,0.0,1.071,certain_cold
dronbreen-20220329-DAT_0236_A1_2,735.0,542110.83,8672304.27,461.859,409.959,0.0,409.959,0.0,0.0,1.069,certain_cold
dronbreen-20220329-DAT_0236_A1_2,740.0,542114.34,8672300.54,462.524,410.728,0.0,410.728,0.0,0.0,1.067,uncertain_cold
dronbreen-20220329-DAT_0236_A1_2,745.0,542118.07,8672296.61,463.265,411.573,0.0,411.573,0.0,0.0,1.065,uncertain_cold
dronbreen-20220329-DAT_0236_A1_2,750.0,542121.71,8672292.64,464.019,412.432,0.0,412.432,0.0,0.0,1.063,uncertain_cold
dronbreen-20220329-DAT_0236_A1_2,755.0,542124.63,8672289.26,464.608,413.125,0.0,413.125,0.0,0.0,1.061,uncertain_cold
dronbreen-20220329-DAT_0236_A1_2,760.0,542127.78,8672285.62,465.232,413.853,0.0,413.853,0.0,0.0,1.059,uncertain_cold
dronbreen-20220329-DAT_0236_A1_2,765.0,542131.18,8672281.84,465.893,414.723,0.0,414.723,0.0,0.0,1.055,uncertain_cold
dronbreen-20220329-DAT_0236_A1_2,770.0,542134.77,8672277.87,466.582,415.516,0.0,415.516,0.0,0.0,1.051,uncertain_cold
dronbreen-20220329-DAT_0236_A1_2,775.0,542137.82,8672274.41,467.186,416.224,0.0,416.224,0.0,0.0,1.047,uncertain_cold
dronbreen-20220329-DAT_0236_A1_2,780.0,542141.16,8672270.51,467.876,417.122,0.208,417.331,2.007,0.0,1.045,uncertain_cold
dronbreen-20220329-DAT_0236_A1_2,785.0,542144.25,8672266.98,468.496,417.951,0.104,418.055,1.901,0.0,1.043,uncertain_cold
dronbreen-20220329-DAT_0236_A1_2,790.0,542147.82,8672262.75,469.222,418.781,0.104,418.885,1.899,0.0,1.041,uncertain_cold
dronbreen-20220329-DAT_0236_A1_2,795.0,542150.73,8672259.15,469.859,419.522,0.104,419.626,1.927,0.0,1.039,uncertain_cold
dronbreen-20220329-DAT_0236_A1_2,800.0,542154.13,8672254.76,470.55,420.317,0.208,420.525,1.923,0.0,1.035,uncertain_cold
dronbreen-20220329-DAT_0236_A1_2,805.0,542156.96,8672251.07,471.1,420.971,0.208,421.18,1.891,0.0,1.033,uncertain_cold
dronbreen-20220329-DAT_0236_A1_2,810.0,542160.21,8672246.83,471.71,421.686,0.208,421.894,1.919,0.0,1.031,uncertain_cold
dronbreen-20220329-DAT_0236_A1_2,815.0,542163.17,8672242.89,472.301,422.485,0.208,422.693,1.852,0.0,1.027,uncertain_cold
dronbreen-20220329-DAT_0236_A1_2,820.0,542166.1,8672238.7,472.915,423.204,0.313,423.517,1.807,0.0,1.023,uncertain_cold
dronbreen-20220329-DAT_0236_A1_2,825.0,542169.04,8672234.51,473.515,424.012,0.208,424.22,1.701,0.0,1.021,uncertain_cold
dronbreen-20220329-DAT_0236_A1_2,830.0,542171.63,8672230.64,474.018,424.723,0.208,424.932,1.593,0.0,1.017,uncertain_cold
dronbreen-20220329-DAT_0236_A1_2,835.0,542174.39,8672226.55,474.549,425.462,0.104,425.566,0.417,0.0,1.015,certain_cold
dronbreen-20220329-DAT_0236_A1_2,840.0,542176.99,8672222.51,475.051,426.069,0.208,426.277,0.417,0.0,1.011,certain_cold
dronbreen-20220329-DAT_0236_A1_2,845.0,542179.49,8672218.46,475.533,426.656,0.313,426.968,0.417,0.0,1.007,certain_cold
dronbreen-20220329-DAT_0236_A1_2,850.0,542182.24,8672213.9,476.083,427.414,0.313,427.726,1.58,0.0,1.003,uncertain_cold
dronbreen-20220329-DAT_0236_A1_2,855.0,542184.54,8672209.87,476.578,428.117,0.208,428.326,1.682,0.0,1.001,uncertain_cold
dronbreen-20220329-DAT_0236_A1_2,860.0,542187.21,8672205.18,477.173,428.92,0.208,429.129,1.678,0.0,0.997,uncertain_cold
dronbreen-20220329-DAT_0236_A1_2,865.0,542189.51,8672200.91,477.689,429.645,0.104,429.75,1.676,0.0,0.995,uncertain_cold
dronbreen-20220329-DAT_0236_A1_2,870.0,542192.04,8672195.97,478.282,430.447,0.104,430.551,1.568,0.0,0.991,uncertain_cold
dronbreen-20220329-DAT_0236_A1_2,875.0,542194.11,8672192.0,478.769,431.141,0.0,431.141,0.313,0.0,0.989,certain_cold
dronbreen-20220329-DAT_0236_A1_2,880.0,542196.22,8672187.77,479.285,431.658,0.208,431.866,0.313,0.0,0.985,certain_cold
dronbreen-20220329-DAT_0236_A1_2,885.0,542198.44,8672183.23,479.807,432.388,0.104,432.493,0.313,0.0,0.983,certain_cold
dronbreen-20220329-DAT_0236_A1_2,890.0,542200.77,8672178.19,480.33,433.12,0.104,433.224,0.208,0.0,0.979,certain_cold
dronbreen-20220329-DAT_0236_A1_2,895.0,542202.72,8672174.09,480.778,433.776,0.104,433.88,0.313,0.0,0.975,certain_cold
dronbreen-20220329-DAT_0236_A1_2,900.0,542205.09,8672169.18,481.197,434.403,0.104,434.508,1.592,0.0,0.971,uncertain_cold
dronbreen-20220329-DAT_0236_A1_2,905.0,542207.08,8672164.99,481.603,435.018,0.104,435.122,1.588,0.0,0.967,uncertain_cold
dronbreen-20220329-DAT_0236_A1_2,910.0,542209.42,8672160.69,482.165,435.789,0.104,435.893,1.793,0.0,0.963,uncertain_cold
dronbreen-20220329-DAT_0236_A1_2,915.0,542212.11,8672155.72,482.788,436.724,0.0,436.724,1.842,0.0,0.959,uncertain_cold
dronbreen-20220329-DAT_0236_A1_2,920.0,542214.14,8672151.53,483.267,437.412,0.104,437.516,2.003,0.0,0.953,uncertain_cold
dronbreen-20220329-DAT_0236_A1_2,925.0,542216.16,8672147.22,483.77,438.123,0.208,438.331,1.998,0.0,0.947,uncertain_cold
dronbreen-20220329-DAT_0236_A1_2,930.0,542218.44,8672142.21,484.299,438.86,0.313,439.173,2.139,0.0,0.941,uncertain_cold
dronbreen-20220329-DAT_0236_A1_2,935.0,542220.33,8672138.3,484.704,439.474,0.313,439.787,2.082,0.0,0.937,uncertain_cold
dronbreen-20220329-DAT_0236_A1_2,940.0,542222.38,8672133.83,485.144,440.122,0.313,440.434,2.195,0.0,0.933,uncertain_cold
dronbreen-20220329-DAT_0236_A1_2,945.0,542224.82,8672128.7,485.628,440.919,0.417,441.335,2.439,0.0,0.925,uncertain_cold
dronbreen-20220329-DAT_0236_A1_2,950.0,542227.01,8672124.24,486.078,441.681,0.521,442.202,2.357,0.0,0.917,uncertain_temperate
dronbreen-20220329-DAT_0236_A1_2,955.0,542229.01,8672120.14,486.498,442.519,0.417,442.935,2.177,0.0,0.911,uncertain_cold
dronbreen-20220329-DAT_0236_A1_2,960.0,542231.25,8672115.5,486.972,443.306,0.417,443.722,2.348,0.0,0.905,uncertain_cold
dronbreen-20220329-DAT_0236_A1_2,965.0,542233.55,8672110.73,487.449,444.198,0.417,444.615,2.238,0.0,0.897,uncertain_cold
dronbreen-20220329-DAT_0236_A1_2,970.0,542235.52,8672106.45,487.856,445.023,0.313,445.336,2.057,0.0,0.891,uncertain_cold
dronbreen-20220329-DAT_0236_A1_2,975.0,542237.55,8672102.27,488.267,445.746,0.313,446.059,2.124,0.0,0.885,uncertain_cold
dronbreen-20220329-DAT_0236_A1_2,980.0,542239.44,8672097.71,488.701,446.597,0.313,446.91,2.014,0.0,0.877,uncertain_cold
dronbreen-20220329-DAT_0236_A1_2,985.0,542241.97,8672093.07,489.18,447.389,0.313,447.702,1.937,0.0,0.871,uncertain_cold
dronbreen-20220329-DAT_0236_A1_2,990.0,542244.32,8672088.74,489.578,448.1,0.313,448.412,1.933,0.0,0.865,uncertain_cold
dronbreen-20220329-DAT_0236_A1_2,995.0,542246.61,8672084.59,489.948,448.782,0.313,449.095,2.032,0.0,0.859,uncertain_cold
dronbreen-20220329-DAT_0236_A1_2,1000.0,542249.55,8672079.6,490.443,449.694,0.208,449.903,2.101,0.0,0.853,uncertain_cold
dronbreen-20220329-DAT_0236_A1_2,1005.0,542251.78,8672075.81,490.845,450.409,0.313,450.721,2.175,0.0,0.845,uncertain_cold
dronbreen-20220329-DAT_0236_A1_2,1010.0,542254.44,8672071.56,491.294,451.379,0.208,451.588,2.089,0.0,0.837,uncertain_cold
dronbreen-20220329-DAT_0236_A1_2,1015.0,542256.93,8672067.42,491.7,451.993,0.313,452.306,2.01,0.0,0.831,uncertain_cold
dronbreen-20220329-DAT_0236_A1_2,1020.0,542259.91,8672062.62,492.164,452.77,0.313,453.082,2.11,0.0,0.826,uncertain_cold
dronbreen-20220329-DAT_0236_A1_2,1025.0,542262.17,8672058.65,492.55,453.468,0.313,453.781,2.105,0.0,0.82,uncertain_cold
dronbreen-20220329-DAT_0236_A1_2,1030.0,542264.44,8672054.57,492.947,454.178,0.313,454.491,2.101,0.0,0.814,uncertain_cold
dronbreen-20220329-DAT_0236_A1_2,1035.0,542267.41,8672049.58,493.449,454.993,0.313,455.305,2.096,0.0,0.808,uncertain_cold
dronbreen-20220329-DAT_0236_A1_2,1040.0,542269.9,8672045.44,493.824,455.785,0.208,455.993,2.092,0.0,0.802,uncertain_cold
dronbreen-20220329-DAT_0236_A1_2,1045.0,542272.41,8672041.49,494.158,456.431,0.208,456.64,2.087,0.0,0.796,uncertain_cold
dronbreen-20220329-DAT_0236_A1_2,1050.0,542275.02,8672037.35,494.493,456.975,0.313,457.288,2.187,0.0,0.79,uncertain_cold
dronbreen-20220329-DAT_0236_A1_2,1055.0,542277.72,8672033.22,494.85,457.748,0.208,457.957,2.078,0.0,0.784,uncertain_cold
dronbreen-20220329-DAT_0236_A1_2,1060.0,542280.36,8672028.89,495.256,458.467,0.208,458.675,2.151,0.0,0.778,uncertain_cold
dronbreen-20220329-DAT_0236_A1_2,1065.0,542283.16,8672024.64,495.65,459.278,0.208,459.487,2.146,0.0,0.771,uncertain_cold
dronbreen-20220329-DAT_0236_A1_2,1070.0,542285.97,8672020.47,496.029,460.074,0.104,460.178,2.142,0.0,0.765,uncertain_cold
dronbreen-20220329-DAT_0236_A1_2,1075.0,542289.07,8672016.08,496.438,460.9,0.104,461.005,2.116,0.0,0.757,uncertain_cold
dronbreen-20220329-DAT_0236_A1_2,1080.0,542291.72,8672012.25,496.81,461.584,0.208,461.793,2.2,0.0,0.749,uncertain_cold
dronbreen-20220329-DAT_0236_A1_2,1085.0,542294.83,8672007.89,497.253,462.549,0.208,462.757,2.09,0.0,0.739,uncertain_cold
dronbreen-20220329-DAT_0236_A1_2,1090.0,542297.51,8672004.25,497.632,463.344,0.208,463.553,2.503,0.0,0.732,uncertain_cold
dronbreen-20220329-DAT_0236_A1_2,1095.0,542300.52,8672000.3,498.049,464.283,0.208,464.491,3.312,0.0,0.722,uncertain_cold
dronbreen-20220329-DAT_0236_A1_2,1100.0,542303.8,8671996.2,498.472,465.123,0.417,465.54,2.803,0.0,0.71,uncertain_temperate
dronbreen-20220329-DAT_0236_A1_2,1105.0,542307.0,8671992.22,498.864,465.931,0.313,466.244,1.983,0.0,0.704,uncertain_cold
dronbreen-20220329-DAT_0236_A1_2,1110.0,542310.26,8671988.27,499.262,466.747,0.0,466.747,1.669,0.0,0.702,uncertain_cold
dronbreen-20220329-DAT_0236_A1_2,1115.0,542313.5,8671984.53,499.643,467.44,0.0,467.44,1.679,0.0,0.697,uncertain_cold
dronbreen-20220329-DAT_0236_A1_2,1120.0,542316.92,8671980.6,500.054,467.956,0.313,468.268,1.829,0.0,0.689,uncertain_cold
dronbreen-20220329-DAT_0236_A1_2,1125.0,542319.93,8671977.27,500.408,468.518,0.208,468.726,1.912,0.0,0.687,uncertain_cold
dronbreen-20220329-DAT_0236_A1_2,1130.0,542323.57,8671973.55,500.756,469.074,0.208,469.283,2.117,0.0,0.683,uncertain_cold
dronbreen-20220329-DAT_0236_A1_2,1135.0,542327.07,8671969.98,501.081,469.712,0.0,469.712,2.135,0.0,0.681,uncertain_cold
dronbreen-20220329-DAT_0236_A1_2,1140.0,542330.74,8671966.21,501.446,470.285,0.208,470.494,1.921,0.0,0.674,uncertain_cold
dronbreen-20220329-DAT_0236_A1_2,1145.0,542334.05,8671963.15,501.802,470.745,0.208,470.954,1.619,0.0,0.672,uncertain_cold
dronbreen-20220329-DAT_0236_A1_2,1150.0,542337.72,8671959.83,502.253,471.404,0.0,471.404,1.411,0.0,0.672,uncertain_cold
dronbreen-20220329-DAT_0236_A1_2,1155.0,542341.7,8671956.01,502.655,471.807,0.104,471.911,1.436,0.0,0.67,uncertain_cold
dronbreen-20220329-DAT_0236_A1_2,1160.0,542345.32,8671952.65,502.954,472.21,0.104,472.314,1.374,0.0,0.668,uncertain_cold
dronbreen-20220329-DAT_0236_A1_2,1165.0,542348.86,8671949.48,503.248,472.712,0.104,472.816,1.118,0.0,0.664,uncertain_cold
dronbreen-20220329-DAT_0236_A1_2,1170.0,542352.32,8671946.23,503.51,472.87,0.208,473.078,1.299,0.0,0.664,uncertain_cold
dronbreen-20220329-DAT_0236_A1_2,1175.0,542356.56,8671942.52,503.798,473.366,0.104,473.471,1.079,0.0,0.662,uncertain_cold
dronbreen-20220329-DAT_0236_A1_2,1180.0,542360.29,8671939.41,504.166,473.735,0.0,473.735,1.195,0.0,0.664,uncertain_cold
dronbreen-20220329-DAT_0236_A1_2,1185.0,542364.33,8671936.01,504.561,474.129,0.0,474.129,1.185,0.0,0.664,uncertain_cold
dronbreen-20220329-DAT_0236_A1_2,1190.0,542367.73,8671932.92,504.908,474.476,0.0,474.476,1.185,0.0,0.664,uncertain_cold
dronbreen-20220329-DAT_0236_A1_2,1195.0,542371.15,8671929.83,505.235,474.803,0.0,474.803,1.327,0.0,0.664,uncertain_cold
dronbreen-20220329-DAT_0236_A1_2,1200.0,542375.27,8671926.05,505.6,474.96,0.0,474.96,1.511,0.0,0.668,uncertain_cold
dronbreen-20220329-DAT_0236_A1_2,1205.0,542378.83,8671922.4,505.944,475.304,0.104,475.408,1.092,0.0,0.666,uncertain_cold
dronbreen-20220329-DAT_0236_A1_2,1210.0,542382.05,8671918.98,506.275,475.531,0.0,475.531,1.228,0.0,0.67,uncertain_cold
dronbreen-20220329-DAT_0236_A1_2,1215.0,542385.46,8671915.64,506.743,475.895,0.104,475.999,1.295,0.0,0.67,uncertain_cold
dronbreen-20220329-DAT_0236_A1_2,1220.0,542389.03,8671911.85,507.357,476.404,0.208,476.613,1.399,0.0,0.67,uncertain_cold
dronbreen-20220329-DAT_0236_A1_2,1225.0,542392.26,8671907.85,507.859,476.802,0.313,477.115,1.541,0.0,0.67,uncertain_temperate
dronbreen-20220329-DAT_0236_A1_2,1230.0,542394.35,8671903.64,508.247,477.086,0.208,477.295,1.44,0.0,0.674,uncertain_cold
dronbreen-20220329-DAT_0236_A1_2,1235.0,542395.79,8671898.85,508.64,477.27,0.417,477.687,1.413,0.0,0.674,uncertain_temperate
dronbreen-20220329-DAT_0236_A1_2,1240.0,542396.85,8671893.67,509.048,477.575,0.417,477.991,1.485,0.0,0.676,uncertain_temperate
dronbreen-20220329-DAT_0236_A1_2,1245.0,542397.95,8671889.19,509.392,477.918,0.208,478.126,1.627,0.0,0.679,uncertain_cold
dronbreen-20220329-DAT_0236_A1_2,1250.0,542400.03,8671883.91,509.721,478.143,0.417,478.56,1.928,0.0,0.677,uncertain_temperate
dronbreen-20220329-DAT_0236_A1_2,1255.0,542401.89,8671879.71,509.993,478.415,0.313,478.728,2.071,0.0,0.679,uncertain_cold
dronbreen-20220329-DAT_0236_A1_2,1260.0,542403.83,8671875.46,510.423,478.637,0.417,479.054,2.011,0.0,0.681,uncertain_temperate
dronbreen-20220329-DAT_0236_A1_2,1265.0,542406.48,8671870.52,510.913,479.022,0.313,479.335,1.806,0.0,0.685,uncertain_cold
dronbreen-20220329-DAT_0236_A1_2,1270.0,542408.62,8671866.18,511.183,479.189,0.313,479.501,1.6,0.0,0.687,uncertain_cold
dronbreen-20220329-DAT_0236_A1_2,1275.0,542410.74,8671861.49,511.406,479.307,0.208,479.516,1.395,0.0,0.691,uncertain_cold
dronbreen-20220329-DAT_0236_A1_2,1280.0,542412.73,8671856.7,511.874,479.463,0.417,479.879,1.458,0.0,0.693,uncertain_temperate
dronbreen-20220329-DAT_0236_A1_2,1285.0,542414.61,8671852.91,512.28,479.869,0.313,480.181,1.294,0.0,0.695,uncertain_cold
dronbreen-20220329-DAT_0236_A1_2,1290.0,542416.86,8671847.96,512.8,480.076,0.417,480.492,1.61,0.0,0.699,uncertain_temperate
dronbreen-20220329-DAT_0236_A1_2,1295.0,542418.99,8671843.38,513.257,480.325,0.521,480.846,1.876,0.0,0.701,uncertain_temperate
dronbreen-20220329-DAT_0236_A1_2,1300.0,542421.56,8671839.08,513.687,480.546,0.417,480.963,2.155,0.0,0.706,uncertain_temperate
dronbreen-20220329-DAT_0236_A1_2,1305.0,542423.7,8671834.78,514.053,480.599,0.521,481.12,2.405,0.0,0.71,uncertain_temperate
dronbreen-20220329-DAT_0236_A1_2,1310.0,542425.95,8671830.36,514.365,480.703,0.521,481.224,2.512,0.0,0.714,uncertain_temperate
dronbreen-20220329-DAT_0236_A1_2,1315.0,542428.33,8671825.93,514.686,480.92,0.417,481.337,2.164,0.0,0.718,uncertain_temperate
dronbreen-20220329-DAT_0236_A1_2,1320.0,542430.77,8671821.65,515.395,481.316,0.417,481.733,2.033,0.0,0.724,uncertain_temperate
dronbreen-20220329-DAT_0236_A1_2,1325.0,542433.2,8671816.84,516.183,481.895,0.313,482.208,1.701,0.0,0.73,uncertain_cold
dronbreen-20220329-DAT_0236_A1_2,1330.0,542435.26,8671812.25,516.448,481.848,0.208,482.056,1.687,0.0,0.737,uncertain_cold
dronbreen-20220329-DAT_0236_A1_2,1335.0,542437.28,8671808.03,517.637,482.725,0.104,482.829,1.503,0.0,0.745,uncertain_cold
dronbreen-20220329-DAT_0236_A1_2,1340.0,542439.69,8671803.41,517.344,482.119,0.104,482.223,1.356,0.0,0.751,uncertain_cold
dronbreen-20220329-DAT_0236_A1_2,1345.0,542442.07,8671799.1,518.345,482.911,0.104,483.015,0.313,0.0,0.755,certain_cold
dronbreen-20220329-DAT_0236_A1_2,1350.0,542444.45,8671794.68,518.968,483.222,0.104,483.326,0.313,0.0,0.761,certain_cold
dronbreen-20220329-DAT_0236_A1_2,1355.0,542446.79,8671790.41,519.393,483.438,0.104,483.542,0.208,0.0,0.765,certain_cold
dronbreen-20220329-DAT_0236_A1_2,1360.0,542449.12,8671786.39,519.987,483.615,0.208,483.823,0.208,0.0,0.771,certain_cold
dronbreen-20220329-DAT_0236_A1_2,1365.0,542451.8,8671782.04,520.477,483.793,0.104,483.897,0.313,0.0,0.778,certain_cold
dronbreen-20220329-DAT_0236_A1_2,1370.0,542454.65,8671777.81,520.631,483.634,0.0,483.634,0.208,0.0,0.786,certain_cold
dronbreen-20220329-DAT_0236_A1_2,1375.0,542457.53,8671773.69,520.995,483.685,0.104,483.789,0.313,0.0,0.79,certain_cold
dronbreen-20220329-DAT_0236_A1_2,1380.0,542460.15,8671769.58,521.455,483.833,0.208,484.041,1.391,0.0,0.794,uncertain_cold
dronbreen-20220329-DAT_0236_A1_2,1385.0,542463.13,8671765.09,522.067,484.132,0.208,484.341,1.465,0.0,0.8,uncertain_cold
dronbreen-20220329-DAT_0236_A1_2,1390.0,542465.83,8671761.05,522.254,484.006,0.208,484.215,1.574,0.0,0.806,uncertain_cold
dronbreen-20220329-DAT_0236_A1_2,1395.0,542468.5,8671756.79,521.989,483.428,0.208,483.637,1.654,0.0,0.812,uncertain_cold
dronbreen-20220329-DAT_0236_A1_2,1400.0,542471.31,8671752.53,522.817,483.839,0.208,484.048,1.689,0.0,0.82,uncertain_cold
dronbreen-20220329-DAT_0236_A1_2,1405.0,542474.02,8671748.3,526.209,487.023,0.208,487.231,1.624,0.0,0.824,uncertain_cold
dronbreen-20220329-DAT_0236_A1_2,1410.0,542476.59,8671744.33,527.333,487.731,0.313,488.043,1.905,0.0,0.829,uncertain_cold
dronbreen-20220329-DAT_0236_A1_2,1415.0,542478.94,8671740.43,527.651,487.84,0.208,488.049,1.909,0.0,0.835,uncertain_cold
dronbreen-20220329-DAT_0236_A1_2,1420.0,542481.77,8671735.74,528.201,488.078,0.208,488.286,1.951,0.0,0.841,uncertain_cold
dronbreen-20220329-DAT_0236_A1_2,1425.0,542484.66,8671731.37,529.022,488.586,0.313,488.898,1.954,0.0,0.845,uncertain_cold
dronbreen-20220329-DAT_0236_A1_2,1430.0,542487.2,8671727.33,529.873,489.228,0.208,489.436,1.819,0.0,0.851,uncertain_cold
dronbreen-20220329-DAT_0236_A1_2,1435.0,542490.03,8671722.65,530.716,489.759,0.625,490.384,1.956,0.0,0.849,uncertain_temperate
dronbreen-20220329-DAT_0236_A1_2,1440.0,542492.15,8671718.95,531.1,489.934,1.042,490.976,2.103,0.0,0.845,uncertain_temperate
dronbreen-20220329-DAT_0236_A1_2,1445.0,542494.76,8671714.5,531.352,489.978,0.938,490.916,2.547,0.0,0.851,uncertain_temperate
dronbreen-20220329-DAT_0236_A1_2,1450.0,542497.49,8671709.81,531.71,489.919,1.042,490.961,3.006,0.0,0.857,uncertain_temperate
dronbreen-20220329-DAT_0236_A1_2,1455.0,542499.82,8671705.79,532.305,490.201,1.146,491.348,3.218,0.0,0.861,uncertain_temperate
dronbreen-20220329-DAT_0236_A1_2,1460.0,542502.41,8671701.32,533.301,490.989,1.042,492.031,3.289,0.0,0.867,uncertain_temperate
dronbreen-20220329-DAT_0236_A1_2,1465.0,542504.5,8671697.57,534.172,491.652,0.938,492.59,3.398,0.0,0.873,uncertain_temperate
dronbreen-20220329-DAT_0236_A1_2,1470.0,542507.51,8671692.2,535.008,492.279,0.834,493.113,3.337,0.0,0.879,uncertain_temperate
dronbreen-20220329-DAT_0236_A1_2,1475.0,542509.55,8671688.51,535.409,492.471,0.834,493.305,3.197,0.0,0.883,uncertain_temperate
dronbreen-20220329-DAT_0236_A1_2,1480.0,542511.93,8671684.03,535.615,492.365,0.73,493.094,2.963,0.0,0.891,uncertain_temperate
dronbreen-20220329-DAT_0236_A1_2,1485.0,542514.5,8671679.02,536.068,492.505,0.73,493.235,2.479,0.0,0.897,uncertain_temperate
dronbreen-20220329-DAT_0236_A1_2,1490.0,542516.62,8671674.69,536.405,492.634,0.625,493.259,2.379,0.0,0.903,uncertain_temperate
dronbreen-20220329-DAT_0236_A1_2,1495.0,542518.68,8671670.29,536.783,492.699,0.625,493.325,2.216,0.0,0.909,uncertain_temperate
dronbreen-20220329-DAT_0236_A1_2,1500.0,542520.59,8671665.76,537.479,493.187,0.625,493.812,2.179,0.0,0.913,uncertain_temperate
dronbreen-20220329-DAT_0236_A1_2,1505.0,542522.58,8671661.29,538.315,493.814,0.417,494.231,2.151,0.0,0.921,uncertain_cold
dronbreen-20220329-DAT_0236_A1_2,1510.0,542524.55,8671657.03,539.491,494.782,0.313,495.094,1.982,0.0,0.927,uncertain_cold
dronbreen-20220329-DAT_0236_A1_2,1515.0,542527.06,8671652.02,540.13,495.108,0.313,495.42,1.674,0.0,0.933,uncertain_cold
dronbreen-20220329-DAT_0236_A1_2,1520.0,542529.37,8671647.42,540.499,495.269,0.208,495.477,0.313,0.0,0.939,certain_cold
dronbreen-20220329-DAT_0236_A1_2,1525.0,542531.79,8671643.02,541.467,495.924,0.208,496.133,0.208,0.0,0.945,certain_cold
dronbreen-20220329-DAT_0236_A1_2,1530.0,542533.98,8671639.13,543.491,497.635,0.313,497.948,0.313,0.0,0.949,certain_cold
dronbreen-20220329-DAT_0236_A1_2,1535.0,542536.65,8671634.41,545.095,498.822,0.417,499.239,1.692,0.0,0.955,uncertain_cold
dronbreen-20220329-DAT_0236_A1_2,1540.0,542538.97,8671630.36,546.189,499.708,0.313,500.02,1.801,0.0,0.961,uncertain_cold
dronbreen-20220329-DAT_0236_A1_2,1545.0,542541.31,8671626.46,547.246,500.557,0.208,500.766,1.978,0.0,0.967,uncertain_cold
dronbreen-20220329-DAT_0236_A1_2,1550.0,542544.23,8671621.59,548.278,501.172,0.208,501.381,2.125,0.0,0.975,uncertain_cold
dronbreen-20220329-DAT_0236_A1_2,1555.0,542546.5,8671617.94,548.518,501.308,0.104,501.412,2.068,0.0,0.979,uncertain_cold
dronbreen-20220329-DAT_0236_A1_2,1560.0,542549.61,8671612.99,548.434,500.911,0.104,501.015,2.177,0.0,0.985,uncertain_cold
dronbreen-20220329-DAT_0236_A1_2,1565.0,542551.99,8671609.27,548.811,500.976,0.208,501.184,2.265,0.0,0.989,uncertain_cold
dronbreen-20220329-DAT_0236_A1_2,1570.0,542554.72,8671605.36,549.723,501.679,0.417,502.096,2.35,0.0,0.989,uncertain_cold
dronbreen-20220329-DAT_0236_A1_2,1575.0,542557.67,8671600.8,549.182,501.034,0.417,501.451,2.248,0.0,0.991,uncertain_cold
dronbreen-20220329-DAT_0236_A1_2,1580.0,542560.38,8671596.37,549.867,501.615,0.521,502.136,2.137,0.0,0.991,uncertain_temperate
dronbreen-20220329-DAT_0236_A1_2,1585.0,542563.05,8671592.46,550.621,502.264,0.625,502.889,2.144,0.0,0.991,uncertain_temperate
dronbreen-20220329-DAT_0236_A1_2,1590.0,542566.17,8671588.29,551.476,503.119,0.521,503.64,2.091,0.0,0.993,uncertain_temperate
dronbreen-20220329-DAT_0236_A1_2,1595.0,542569.23,8671584.05,552.366,504.113,0.208,504.322,1.782,0.0,0.997,uncertain_cold
dronbreen-20220329-DAT_0236_A1_2,1600.0,542571.72,8671580.62,553.059,504.806,0.104,504.91,1.649,0.0,0.999,uncertain_cold
dronbreen-20220329-DAT_0236_A1_2,1605.0,542574.93,8671576.22,553.911,505.555,0.104,505.659,1.547,0.0,1.001,uncertain_cold
dronbreen-20220329-DAT_0236_A1_2,1610.0,542577.5,8671572.33,554.61,506.253,0.0,506.253,0.417,0.0,1.003,certain_cold
dronbreen-20220329-DAT_0236_A1_2,1615.0,542580.6,8671567.66,555.468,507.111,0.0,507.111,0.313,0.0,1.003,certain_cold
dronbreen-20220329-DAT_0236_A1_2,1620.0,542583.38,8671563.53,556.332,507.975,0.0,507.975,0.313,0.0,1.003,certain_cold
dronbreen-20220329-DAT_0236_A1_2,1625.0,542586.04,8671559.21,557.259,508.903,0.0,508.903,0.313,0.0,1.003,certain_cold
dronbreen-20220329-DAT_0236_A1_2,1630.0,542588.38,8671555.25,558.077,509.72,0.104,509.824,0.208,0.0,1.001,certain_cold
dronbreen-20220329-DAT_0236_A1_2,1635.0,542590.86,8671551.11,558.885,510.633,0.104,510.737,1.617,0.0,0.999,uncertain_cold
dronbreen-20220329-DAT_0236_A1_2,1640.0,542593.23,8671546.84,559.708,511.664,0.208,511.872,2.254,0.0,0.993,uncertain_cold
dronbreen-20220329-DAT_0236_A1_2,1645.0,542596.0,8671542.11,560.726,513.099,0.417,513.516,2.625,0.0,0.981,uncertain_cold
dronbreen-20220329-DAT_0236_A1_2,1650.0,542598.75,8671537.83,561.724,514.513,0.521,515.035,2.656,0.0,0.971,uncertain_temperate
dronbreen-20220329-DAT_0236_A1_2,1655.0,542601.26,8671533.82,562.731,515.833,0.625,516.458,3.047,0.0,0.963,uncertain_temperate
dronbreen-20220329-DAT_0236_A1_2,1660.0,542603.92,8671529.13,563.744,517.367,0.73,518.097,3.336,0.0,0.951,uncertain_temperate
dronbreen-20220329-DAT_0236_A1_2,1665.0,542606.27,8671524.92,564.615,518.968,0.521,519.489,3.346,0.0,0.941,uncertain_temperate
dronbreen-20220329-DAT_0236_A1_2,1670.0,542608.7,8671520.9,565.453,520.431,0.417,520.848,3.52,0.0,0.931,uncertain_cold
dronbreen-20220329-DAT_0236_A1_2,1675.0,542611.42,8671516.15,566.506,522.527,0.104,522.631,3.391,0.0,0.917,uncertain_cold
dronbreen-20220329-DAT_0236_A1_2,1680.0,542614.01,8671511.77,567.866,524.824,0.0,524.824,3.891,0.0,0.903,uncertain_cold
dronbreen-20220329-DAT_0236_A1_2,1685.0,542616.37,8671507.93,568.431,526.432,0.208,526.64,4.099,0.0,0.877,uncertain_cold
dronbreen-20220329-DAT_0236_A1_2,1690.0,542618.97,8671503.64,569.191,528.234,0.313,528.546,3.247,0.0,0.855,uncertain_cold
dronbreen-20220329-DAT_0236_A1_2,1695.0,542621.31,8671499.53,570.049,530.029,0.208,530.238,2.824,0.0,0.839,uncertain_cold
dronbreen-20220329-DAT_0236_A1_2,1700.0,542623.66,8671495.0,571.41,532.433,0.208,532.641,3.14,0.0,0.82,uncertain_cold
dronbreen-20220329-DAT_0236_A1_2,1705.0,542626.12,8671490.31,573.434,535.707,0.313,536.02,0.313,0.0,0.794,certain_cold
dronbreen-20220329-DAT_0236_A1_2,1710.0,542628.64,8671485.62,575.578,538.789,0.417,539.206,2.908,0.0,0.774,uncertain_temperate
dronbreen-20220329-DAT_0236_A1_2,1715.0,542631.0,8671481.31,577.049,541.511,0.208,541.719,2.691,0.0,0.755,uncertain_cold
dronbreen-20220329-DAT_0236_A1_2,1720.0,542633.14,8671477.25,578.251,543.65,0.208,543.859,2.894,0.0,0.737,uncertain_cold
dronbreen-20220329-DAT_0236_A1_2,1725.0,542635.21,8671473.17,579.189,545.631,0.208,545.839,3.324,0.0,0.718,uncertain_cold
dronbreen-20220329-DAT_0236_A1_2,1730.0,542638.06,8671468.05,580.112,548.013,0.208,548.221,2.995,0.0,0.691,uncertain_cold
dronbreen-20220329-DAT_0236_A1_2,1735.0,542640.49,8671463.59,580.835,549.57,0.208,549.778,2.344,0.0,0.676,uncertain_cold
dronbreen-20220329-DAT_0236_A1_2,1740.0,542642.66,8671459.64,581.574,550.934,0.313,551.247,2.758,0.0,0.662,uncertain_temperate
dronbreen-20220329-DAT_0236_A1_2,1745.0,542645.19,8671454.88,581.576,551.77,0.417,552.187,2.75,0.0,0.645,uncertain_temperate
dronbreen-20220329-DAT_0236_A1_2,1750.0,542647.33,8671451.04,582.6,553.628,0.208,553.836,1.915,0.0,0.634,uncertain_cold
dronbreen-20220329-DAT_0236_A1_2,1755.0,542649.99,8671446.28,583.463,555.012,0.208,555.22,2.124,0.0,0.624,uncertain_cold
dronbreen-20220329-DAT_0236_A1_2,1760.0,542652.15,8671442.38,584.054,556.02,0.313,556.333,2.119,0.0,0.615,uncertain_temperate
dronbreen-20220329-DAT_0236_A1_2,1765.0,542654.59,8671437.87,585.151,557.429,0.521,557.95,2.263,0.0,0.605,uncertain_temperate
dronbreen-20220329-DAT_0236_A1_2,1770.0,542656.92,8671433.72,586.676,559.267,0.313,559.579,1.791,0.0,0.604,uncertain_temperate
dronbreen-20220329-DAT_0236_A1_2,1775.0,542659.82,8671428.7,588.803,561.394,0.417,561.811,1.227,0.0,0.602,uncertain_temperate
dronbreen-20220329-DAT_0236_A1_2,1780.0,542661.98,8671424.89,590.328,563.023,0.208,563.231,1.005,0.0,0.604,uncertain_cold
dronbreen-20220329-DAT_0236_A1_2,1785.0,542664.53,8671420.69,591.75,564.341,0.104,564.445,1.216,0.0,0.607,uncertain_cold
dronbreen-20220329-DAT_0236_A1_2,1790.0,542667.57,8671415.95,593.0,565.278,0.313,565.591,1.384,0.0,0.609,uncertain_temperate
dronbreen-20220329-DAT_0236_A1_2,1795.0,542669.89,8671412.3,593.824,565.894,0.208,566.102,2.043,0.0,0.615,uncertain_cold
dronbreen-20220329-DAT_0236_A1_2,1800.0,542672.92,8671407.43,594.737,566.494,0.104,566.599,1.631,0.0,0.622,uncertain_cold
dronbreen-20220329-DAT_0236_A1_2,1805.0,542675.42,8671403.73,595.45,566.79,0.208,566.998,1.517,0.0,0.628,uncertain_cold
dronbreen-20220329-DAT_0236_A1_2,1810.0,542678.34,8671399.35,596.329,567.253,0.104,567.357,1.713,0.0,0.637,uncertain_cold
dronbreen-20220329-DAT_0236_A1_2,1815.0,542681.3,8671394.98,597.235,567.638,0.104,567.742,1.927,0.0,0.647,uncertain_cold
dronbreen-20220329-DAT_0236_A1_2,1820.0,542684.19,8671390.89,598.028,568.014,0.0,568.014,2.036,0.0,0.656,uncertain_cold
dronbreen-20220329-DAT_0236_A1_2,1825.0,542687.04,8671386.79,598.622,568.087,0.0,568.087,1.84,0.0,0.666,uncertain_cold
dronbreen-20220329-DAT_0236_A1_2,1830.0,542689.59,8671383.21,598.867,567.915,0.0,567.915,1.844,0.0,0.674,uncertain_cold
dronbreen-20220329-DAT_0236_A1_2,1835.0,542692.57,8671379.17,599.007,567.533,0.0,567.533,1.67,0.0,0.683,uncertain_cold
dronbreen-20220329-DAT_0236_A1_2,1840.0,542695.56,8671375.21,599.163,567.273,0.208,567.481,1.643,0.0,0.687,uncertain_cold
dronbreen-20220329-DAT_0236_A1_2,1845.0,542699.12,8671370.98,599.68,567.269,0.0,567.269,1.947,0.0,0.701,uncertain_cold
dronbreen-20220329-DAT_0236_A1_2,1850.0,542702.04,8671367.66,600.401,567.572,0.0,567.572,2.062,0.0,0.708,uncertain_cold
dronbreen-20220329-DAT_0236_A1_2,1855.0,542705.9,8671363.3,601.612,568.158,0.0,568.158,2.485,0.0,0.72,uncertain_cold
dronbreen-20220329-DAT_0236_A1_2,1860.0,542708.85,8671360.03,602.522,568.651,0.0,568.651,2.515,0.0,0.728,uncertain_cold
dronbreen-20220329-DAT_0236_A1_2,1865.0,542712.12,8671356.51,603.387,568.995,0.104,569.099,2.922,0.0,0.735,uncertain_cold
dronbreen-20220329-DAT_0236_A1_2,1870.0,542715.54,8671352.8,604.106,569.298,0.0,569.298,3.032,0.0,0.745,uncertain_cold
dronbreen-20220329-DAT_0236_A1_2,1875.0,542718.93,8671349.28,604.846,569.62,0.0,569.62,3.072,0.0,0.753,uncertain_cold
dronbreen-20220329-DAT_0236_A1_2,1880.0,542722.68,8671345.36,605.82,570.178,0.104,570.282,3.019,0.0,0.759,uncertain_cold
dronbreen-20220329-DAT_0236_A1_2,1885.0,542726.47,8671341.64,607.038,570.979,0.521,571.5,3.164,0.0,0.759,uncertain_temperate
dronbreen-20220329-DAT_0236_A1_2,1890.0,542729.67,8671338.31,607.959,571.587,0.73,572.317,3.27,0.0,0.761,uncertain_temperate
dronbreen-20220329-DAT_0236_A1_2,1895.0,542733.44,8671334.35,608.711,572.027,1.042,573.069,3.262,0.0,0.761,uncertain_temperate
dronbreen-20220329-DAT_0236_A1_2,1900.0,542736.84,8671330.86,609.785,572.996,1.146,574.142,3.191,0.0,0.761,uncertain_temperate
dronbreen-20220329-DAT_0236_A1_2,1905.0,542740.28,8671327.25,610.597,573.913,1.251,575.163,3.263,0.0,0.757,uncertain_temperate
dronbreen-20220329-DAT_0236_A1_2,1910.0,542743.63,8671323.7,611.244,574.872,1.563,576.435,2.838,0.0,0.745,uncertain_temperate
dronbreen-20220329-DAT_0236_A1_2,1915.0,542747.27,8671319.76,611.962,575.903,1.459,577.362,2.88,0.0,0.741,uncertain_temperate
dronbreen-20220329-DAT_0236_A1_2,1920.0,542749.97,8671316.77,612.53,576.784,1.563,578.347,3.371,0.0,0.733,uncertain_temperate
dronbreen-20220329-DAT_0236_A1_2,1925.0,542753.19,8671312.77,613.298,578.385,1.042,579.427,3.495,0.0,0.728,uncertain_temperate
dronbreen-20220329-DAT_0236_A1_2,1930.0,542756.76,8671308.3,614.176,580.514,0.104,580.618,4.448,0.0,0.722,uncertain_cold
dronbreen-20220329-DAT_0236_A1_2,1935.0,542759.44,8671304.65,614.881,582.052,0.73,582.782,6.069,0.0,0.695,uncertain_temperate
dronbreen-20220329-DAT_0236_A1_2,1940.0,542762.52,8671300.55,615.677,583.474,1.876,585.35,4.538,0.0,0.662,uncertain_temperate
dronbreen-20220329-DAT_0236_A1_2,1945.0,542765.12,8671296.65,616.473,584.687,1.667,586.354,3.658,0.0,0.658,uncertain_temperate
dronbreen-20220329-DAT_0236_A1_2,1950.0,542767.88,8671292.26,617.437,585.963,1.459,587.422,2.568,0.0,0.656,uncertain_temperate
dronbreen-20220329-DAT_0236_A1_2,1955.0,542770.66,8671287.98,618.376,587.111,0.73,587.841,3.177,0.0,0.666,uncertain_temperate
dronbreen-20220329-DAT_0236_A1_2,1960.0,542773.11,8671284.0,619.227,587.545,0.417,587.962,3.701,0.0,0.679,uncertain_temperate
dronbreen-20220329-DAT_0236_A1_2,1965.0,542775.9,8671279.44,620.183,588.084,0.0,588.084,3.394,0.0,0.695,uncertain_cold
dronbreen-20220329-DAT_0236_A1_2,1970.0,542778.91,8671274.88,621.118,588.707,0.0,588.707,0.0,0.0,0.708,uncertain_cold
dronbreen-20220329-DAT_0236_A1_2,1975.0,542781.22,8671271.23,621.86,588.823,0.0,588.823,0.0,0.0,0.724,certain_cold
dronbreen-20220329-DAT_0236_A1_2,1980.0,542783.86,8671267.47,622.645,588.462,0.0,588.462,0.0,0.0,0.737,uncertain_cold
dronbreen-20220329-DAT_0236_A1_2,1985.0,542787.14,8671262.3,623.722,588.393,0.0,588.393,0.0,0.0,0.755,uncertain_cold
dronbreen-20220329-DAT_0236_A1_2,1990.0,542789.77,8671258.54,624.531,588.159,0.0,588.159,0.0,0.0,0.78,uncertain_cold
dronbreen-20220329-DAT_0236_A1_2,1995.0,542792.85,8671254.3,625.42,587.902,0.0,587.902,0.0,0.0,0.8,uncertain_cold
dronbreen-20220329-DAT_0236_A1_2,2000.0,542795.23,8671250.78,626.141,587.476,0.0,587.476,0.0,0.0,0.82,certain_cold
dronbreen-20220329-DAT_0236_A1_2,2005.0,542797.92,8671246.64,626.967,586.427,0.0,586.427,0.0,0.0,0.851,uncertain_cold
dronbreen-20220329-DAT_0236_A1_2,2010.0,542800.36,8671242.44,627.807,586.225,0.0,586.225,0.0,0.0,0.873,uncertain_cold
dronbreen-20220329-DAT_0236_A1_2,2015.0,542803.36,8671237.14,628.882,585.424,0.0,585.424,0.0,0.0,0.899,uncertain_temperate
dronbreen-20220329-DAT_0236_A1_2,2020.0,542805.45,8671233.48,629.621,584.807,0.0,584.807,0.0,0.0,0.933,uncertain_cold
dronbreen-20220329-DAT_0236_A1_2,2025.0,542808.28,8671228.55,630.592,583.694,0.0,583.694,0.0,0.0,0.967,uncertain_cold
dronbreen-20220329-DAT_0236_A1_2,2030.0,542810.62,8671224.15,631.386,582.925,0.0,582.925,0.0,0.0,0.995,uncertain_temperate
dronbreen-20220329-DAT_0236_A1_2,2035.0,542812.6,8671220.49,632.068,582.252,0.0,582.252,0.0,0.0,1.025,uncertain_cold
dronbreen-20220329-DAT_0236_A1_2,2040.0,542815.23,8671215.31,633.112,581.941,0.0,581.941,0.0,0.0,1.055,uncertain_cold
dronbreen-20220329-DAT_0236_A1_2,2045.0,542817.31,8671211.15,633.97,581.549,0.0,581.549,0.0,0.0,1.082,certain_cold
dronbreen-20220329-DAT_0236_A1_2,2050.0,542819.56,8671206.7,634.86,581.396,0.0,581.396,0.0,0.0,1.102,certain_cold
dronbreen-20220329-DAT_0236_A1_2,2055.0,542822.01,8671201.91,635.761,581.151,0.0,581.151,0.0,0.0,1.124,certain_cold
dronbreen-20220329-DAT_0236_A1_2,2060.0,542824.38,8671197.42,636.575,581.235,0.0,581.235,0.0,0.0,1.138,certain_cold
dronbreen-20220329-DAT_0236_A1_2,2065.0,542826.41,8671193.76,637.238,581.169,0.0,581.169,0.0,0.0,1.148,certain_cold
dronbreen-20220329-DAT_0236_A1_2,2070.0,542829.06,8671189.06,638.139,580.924,0.0,580.924,0.0,0.0,1.173,certain_cold
dronbreen-20220329-DAT_0236_A1_2,2075.0,542831.39,8671184.74,638.994,580.841,0.0,580.841,0.0,0.0,1.193,uncertain_cold
dronbreen-20220329-DAT_0236_A1_2,2080.0,542833.67,8671180.84,639.755,580.976,0.0,580.976,0.0,0.0,1.205,uncertain_cold
dronbreen-20220329-DAT_0236_A1_2,2085.0,542836.77,8671175.86,640.682,580.965,0.0,580.965,0.0,0.0,1.219,certain_cold
dronbreen-20220329-DAT_0236_A1_2,2090.0,542839.18,8671171.65,641.469,580.919,0.0,580.919,0.0,0.0,1.24,certain_cold
dronbreen-20220329-DAT_0236_A1_2,2095.0,542841.65,8671167.08,642.358,580.766,0.0,580.766,0.0,0.0,1.256,certain_cold
dronbreen-20220329-DAT_0236_A1_2,2100.0,542843.86,8671163.15,643.144,581.03,0.0,581.03,0.0,0.0,1.268,certain_cold
dronbreen-20220329-DAT_0236_A1_2,2105.0,542846.4,8671158.85,643.982,581.139,0.0,581.139,0.0,0.0,1.285,certain_cold
dronbreen-20220329-DAT_0236_A1_2,2110.0,542848.94,8671154.47,644.822,581.458,0.0,581.458,0.0,0.0,1.295,certain_cold
dronbreen-20220329-DAT_0236_A1_2,2115.0,542851.45,8671150.08,645.665,581.884,0.0,581.884,0.0,0.0,1.303,certain_cold
dronbreen-20220329-DAT_0236_A1_2,2120.0,542853.84,8671145.69,646.526,582.433,0.0,582.433,0.0,0.0,1.309,certain_cold
dronbreen-20220329-DAT_0236_A1_2,2125.0,542855.99,8671141.48,647.365,582.855,0.0,582.855,0.0,0.0,1.317,certain_cold
dronbreen-20220329-DAT_0236_A1_2,2130.0,542858.47,8671136.41,648.329,583.506,0.0,583.506,0.0,0.0,1.325,certain_cold
dronbreen-20220329-DAT_0236_A1_2,2135.0,542860.61,8671131.76,649.136,584.0,0.0,584.0,0.0,0.0,1.33,certain_cold
dronbreen-20220329-DAT_0236_A1_2,2140.0,542862.35,8671127.63,649.861,584.413,0.0,584.413,0.0,0.0,1.336,certain_cold
dronbreen-20220329-DAT_0236_A1_2,2145.0,542864.29,8671122.67,650.802,585.041,0.0,585.041,0.0,0.0,1.344,certain_cold
dronbreen-20220329-DAT_0236_A1_2,2150.0,542865.79,8671118.53,651.601,585.735,0.0,585.735,0.0,0.0,1.348,certain_cold
dronbreen-20220329-DAT_0236_A1_2,2155.0,542867.52,8671113.87,652.438,586.26,0.0,586.26,0.0,0.0,1.352,certain_cold
dronbreen-20220329-DAT_0236_A1_2,2160.0,542869.36,8671109.06,653.301,586.81,0.0,586.81,0.0,0.0,1.358,certain_cold
dronbreen-20220329-DAT_0236_A1_2,2165.0,542871.27,8671104.28,654.192,587.389,0.0,587.389,0.0,0.0,1.362,certain_cold
dronbreen-20220329-DAT_0236_A1_2,2170.0,542873.07,8671099.72,655.052,587.936,0.0,587.936,0.0,0.0,1.37,certain_cold
dronbreen-20220329-DAT_0236_A1_2,2175.0,542875.07,8671094.69,655.954,588.63,0.0,588.63,0.0,0.0,1.377,certain_cold
dronbreen-20220329-DAT_0236_A1_2,2180.0,542876.77,8671090.53,656.671,589.139,0.0,589.139,0.0,0.0,1.381,certain_cold
dronbreen-20220329-DAT_0236_A1_2,2185.0,542878.79,8671085.72,657.453,589.503,0.0,589.503,0.0,0.0,1.387,certain_cold
dronbreen-20220329-DAT_0236_A1_2,2190.0,542880.75,8671080.99,658.253,589.991,0.0,589.991,0.0,0.0,1.391,certain_cold
dronbreen-20220329-DAT_0236_A1_2,2195.0,542882.75,8671076.3,659.074,590.499,0.0,590.499,0.0,0.0,1.397,certain_cold
dronbreen-20220329-DAT_0236_A1_2,2200.0,542884.55,8671072.0,659.804,590.916,0.0,590.916,0.0,0.0,1.403,certain_cold
dronbreen-20220329-DAT_0236_A1_2,2205.0,542886.48,8671067.33,660.532,591.227,0.0,591.227,0.0,0.0,1.415,certain_cold
dronbreen-20220329-DAT_0236_A1_2,2210.0,542888.52,8671062.49,661.276,591.45,0.0,591.45,0.0,0.0,1.424,certain_cold
dronbreen-20220329-DAT_0236_A1_2,2215.0,542890.38,8671058.36,661.945,591.598,0.0,591.598,0.0,0.0,1.434,certain_cold
dronbreen-20220329-DAT_0236_A1_2,2220.0,542892.36,8671053.4,662.768,591.692,0.0,591.692,0.0,0.0,1.446,certain_cold
dronbreen-20220329-DAT_0236_A1_2,2225.0,542894.56,8671048.29,663.595,591.894,0.417,592.311,3.272,0.0,1.45,uncertain_cold
dronbreen-20220329-DAT_0236_A1_2,2230.0,542896.27,8671044.22,664.221,591.999,0.313,592.312,7.511,0.0,1.463,uncertain_cold
dronbreen-20220329-DAT_0236_A1_2,2235.0,542898.51,8671039.18,664.983,592.24,1.563,593.803,9.439,0.0,1.448,uncertain_temperate
dronbreen-20220329-DAT_0236_A1_2,2240.0,542900.62,8671034.72,665.681,592.208,5.94,598.148,14.618,0.0,1.377,uncertain_temperate
dronbreen-20220329-DAT_0236_A1_2,2245.0,542902.45,8671030.99,666.27,592.38,8.858,601.238,14.517,0.0,1.327,uncertain_temperate
dronbreen-20220329-DAT_0236_A1_2,2250.0,542904.96,8671025.67,667.119,592.604,11.464,604.068,17.395,0.0,1.289,uncertain_temperate
dronbreen-20220329-DAT_0236_A1_2,2255.0,542906.85,8671021.64,667.779,592.952,13.548,606.5,20.35,0.0,1.254,uncertain_temperate
dronbreen-20220329-DAT_0236_A1_2,2260.0,542908.81,8671017.31,668.529,593.388,16.883,610.272,28.855,5.537,1.195,certain_temperate
dronbreen-20220329-DAT_0236_A1_2,2265.0,542910.96,8671012.73,669.345,593.788,20.322,614.11,34.069,7.409,1.136,certain_temperate
dronbreen-20220329-DAT_0236_A1_2,2270.0,542912.97,8671008.19,670.147,594.694,23.449,618.143,41.459,9.608,1.073,certain_temperate
dronbreen-20220329-DAT_0236_A1_2,2275.0,542914.68,8671003.4,670.925,595.993,28.764,624.757,48.822,14.333,0.961,certain_temperate
dronbreen-20220329-DAT_0236_A1_2,2280.0,542916.74,8670998.19,671.739,598.37,30.119,628.489,51.486,18.548,0.905,certain_temperate
dronbreen-20220329-DAT_0236_A1_2,2285.0,542918.4,8670993.84,672.441,600.948,33.558,634.506,60.285,14.752,0.804,certain_temperate
dronbreen-20220329-DAT_0236_A1_2,2290.0,542920.0,8670989.61,673.145,603.841,40.124,643.965,60.886,20.924,0.641,certain_temperate
dronbreen-20220329-DAT_0236_A1_2,2295.0,542921.94,8670984.09,674.053,606.937,41.791,648.728,67.116,31.699,0.572,certain_temperate
dronbreen-20220329-DAT_0236_A1_2,2300.0,542923.38,8670980.18,674.67,609.325,41.895,651.221,65.344,29.422,0.539,certain_temperate
dronbreen-20220329-DAT_0236_A1_2,2305.0,542925.16,8670975.63,675.368,612.212,44.709,656.921,63.156,27.702,0.455,certain_temperate
dronbreen-20220329-DAT_0236_A1_2,2310.0,542927.14,8670970.05,676.219,615.252,46.377,661.629,60.967,27.868,0.395,certain_temperate
dronbreen-20220329-DAT_0236_A1_2,2315.0,542928.61,8670965.97,676.88,617.685,47.627,665.312,59.195,28.448,0.352,certain_temperate
dronbreen-20220329-DAT_0236_A1_2,2320.0,542930.15,8670961.65,677.6,621.115,46.793,667.908,54.662,28.087,0.329,certain_temperate
dronbreen-20220329-DAT_0236_A1_2,2325.0,542932.22,8670956.16,678.511,625.568,44.292,669.861,49.644,27.164,0.317,certain_temperate
dronbreen-20220329-DAT_0236_A1_2,2330.0,542933.86,8670951.9,679.197,628.13,42.625,670.755,48.482,26.763,0.315,certain_temperate
dronbreen-20220329-DAT_0236_A1_2,2335.0,542935.58,8670947.35,679.864,631.715,40.019,671.735,46.497,24.684,0.311,certain_temperate
dronbreen-20220329-DAT_0236_A1_2,2340.0,542937.44,8670942.09,680.589,635.046,37.831,672.877,43.785,23.226,0.307,certain_temperate
dronbreen-20220329-DAT_0236_A1_2,2345.0,542938.98,8670937.76,681.155,637.592,36.059,673.651,41.703,22.182,0.305,certain_temperate
dronbreen-20220329-DAT_0236_A1_2,2350.0,542940.84,8670932.77,681.799,640.738,33.871,674.608,39.406,20.206,0.302,certain_temperate
dronbreen-20220329-DAT_0236_A1_2,2355.0,542942.38,8670928.45,682.352,644.105,31.369,675.474,36.591,17.393,0.299,certain_temperate
dronbreen-20220329-DAT_0236_A1_2,2360.0,542943.95,8670923.63,682.956,647.626,28.764,676.39,33.672,14.476,0.296,certain_temperate
dronbreen-20220329-DAT_0236_A1_2,2365.0,542945.38,8670918.96,683.489,650.869,26.367,677.236,28.981,6.14,0.294,certain_temperate
dronbreen-20220329-DAT_0236_A1_2,2370.0,542946.77,8670914.04,683.978,652.713,25.325,678.038,31.265,2.527,0.291,certain_temperate
dronbreen-20220329-DAT_0236_A1_2,2375.0,542948.15,8670909.12,684.461,654.551,19.072,673.623,29.91,0.0,0.343,certain_temperate
dronbreen-20220329-DAT_0236_A1_2,2380.0,542949.57,8670904.21,684.951,655.979,5.836,661.815,28.972,0.0,0.534,uncertain_temperate
dronbreen-20220329-DAT_0236_A1_2,2385.0,542950.91,8670899.16,685.434,656.774,2.293,659.067,13.083,0.0,0.59,uncertain_temperate
dronbreen-20220329-DAT_0236_A1_2,2390.0,542952.23,8670894.61,685.858,657.615,5.419,663.035,9.384,0.0,0.528,uncertain_temperate
dronbreen-20220329-DAT_0236_A1_2,2395.0,542953.52,8670890.0,686.256,658.43,0.625,659.055,9.32,0.0,0.605,uncertain_temperate
dronbreen-20220329-DAT_0236_A1_2,2400.0,542954.94,8670885.08,686.668,659.467,0.625,660.092,6.169,0.0,0.594,uncertain_temperate
dronbreen-20220329-DAT_0236_A1_2,2405.0,542956.36,8670879.86,687.091,660.412,0.73,661.141,6.062,0.0,0.583,certain_temperate
dronbreen-20220329-DAT_0236_A1_2,2410.0,542957.55,8670875.43,687.413,661.359,0.938,662.297,5.534,0.0,0.568,certain_temperate
dronbreen-20220329-DAT_0236_A1_2,2415.0,542958.77,8670870.78,687.671,662.555,0.521,663.076,5.017,0.0,0.559,uncertain_temperate
dronbreen-20220329-DAT_0236_A1_2,2420.0,542960.26,8670865.09,687.913,663.735,0.73,664.464,4.609,0.0,0.539,uncertain_temperate
dronbreen-20220329-DAT_0236_A1_2,2425.0,542961.07,8670861.21,688.053,664.605,0.834,665.438,3.649,0.0,0.525,uncertain_temperate
dronbreen-20220329-DAT_0236_A1_2,2430.0,542962.18,8670856.35,688.224,665.714,0.625,666.339,2.808,0.0,0.512,uncertain_temperate
dronbreen-20220329-DAT_0236_A1_2,2435.0,542963.45,8670850.49,688.435,666.758,0.521,667.279,2.174,0.0,0.5,uncertain_temperate
dronbreen-20220329-DAT_0236_A1_2,2440.0,542964.41,8670846.59,688.566,667.723,0.208,667.931,1.752,0.0,0.491,uncertain_cold
dronbreen-20220329-DAT_0236_A1_2,2445.0,542965.78,8670841.17,688.737,668.936,0.0,668.936,0.0,0.0,0.482,uncertain_cold
dronbreen-20220329-DAT_0236_A1_2,2450.0,542966.99,8670837.02,688.864,669.48,0.0,669.48,0.0,0.0,0.47,uncertain_cold
dronbreen-20220329-DAT_0236_A1_2,2455.0,542968.39,8670831.61,689.014,670.255,0.0,670.255,0.0,0.0,0.463,certain_cold
